wav_filename,wav_filesize,transcript
/content/mydrive/MyDrive/DeepSpeechv/DeepSpeech/data/Nemorous/Wav/BB1.WAV,65202,the bash is pairing the bath
/content/mydrive/MyDrive/DeepSpeechv/DeepSpeech/data/Nemorous/Wav/BB10.WAV,53892,the fade is waking the boot
/content/mydrive/MyDrive/DeepSpeechv/DeepSpeech/data/Nemorous/Wav/BB12.WAV,60078,the who is wading the dive
/content/mydrive/MyDrive/DeepSpeechv/DeepSpeech/data/Nemorous/Wav/BB13.WAV,63828,the inn is waiting the phase
/content/mydrive/MyDrive/DeepSpeechv/DeepSpeech/data/Nemorous/Wav/BB14.WAV,77546,the dime is sipping the five
/content/mydrive/MyDrive/DeepSpeechv/DeepSpeech/data/Nemorous/Wav/BB15.WAV,76314,the fin is weighing the die
/content/mydrive/MyDrive/DeepSpeechv/DeepSpeech/data/Nemorous/Wav/BB16.WAV,64954,the bet is surfing the watt
/content/mydrive/MyDrive/DeepSpeechv/DeepSpeech/data/Nemorous/Wav/BB17.WAV,74328,the moo is mowing the yacht
/content/mydrive/MyDrive/DeepSpeechv/DeepSpeech/data/Nemorous/Wav/BB18.WAV,82416,the bathe is leaping the shin
/content/mydrive/MyDrive/DeepSpeechv/DeepSpeech/data/Nemorous/Wav/BB19.WAV,66266,the dew is singing the shoe
/content/mydrive/MyDrive/DeepSpeechv/DeepSpeech/data/Nemorous/Wav/BB2.WAV,62142,the bad is sleeping the bin
/content/mydrive/MyDrive/DeepSpeechv/DeepSpeech/data/Nemorous/Wav/BB20.WAV,77142,the goo is serving the fake
/content/mydrive/MyDrive/DeepSpeechv/DeepSpeech/data/Nemorous/Wav/BB21.WAV,74570,the knew is sweeping the badge
/content/mydrive/MyDrive/DeepSpeechv/DeepSpeech/data/Nemorous/Wav/BB22.WAV,86712,the bait is waning the fight
/content/mydrive/MyDrive/DeepSpeechv/DeepSpeech/data/Nemorous/Wav/BB23.WAV,84266,the back is going the boat
/content/mydrive/MyDrive/DeepSpeechv/DeepSpeech/data/Nemorous/Wav/BB24.WAV,73204,the tin is lifting the face
/content/mydrive/MyDrive/DeepSpeechv/DeepSpeech/data/Nemorous/Wav/BB25.WAV,76392,the beet is waving the fine
/content/mydrive/MyDrive/DeepSpeechv/DeepSpeech/data/Nemorous/Wav/BB26.WAV,77892,the bag is bearing the sin
/content/mydrive/MyDrive/DeepSpeechv/DeepSpeech/data/Nemorous/Wav/BB27.WAV,70210,the butt is stewing the mat
/content/mydrive/MyDrive/DeepSpeechv/DeepSpeech/data/Nemorous/Wav/BB28.WAV,71142,the bake is heaping the fay
/content/mydrive/MyDrive/DeepSpeechv/DeepSpeech/data/Nemorous/Wav/BB29.WAV,89142,the fate is daring the batch
/content/mydrive/MyDrive/DeepSpeechv/DeepSpeech/data/Nemorous/Wav/BB3.WAV,95112,the two is weeping the bit
/content/mydrive/MyDrive/DeepSpeechv/DeepSpeech/data/Nemorous/Wav/BB30.WAV,56704,the coo is living the lot
/content/mydrive/MyDrive/DeepSpeechv/DeepSpeech/data/Nemorous/Wav/BB31.WAV,76766,the din is listing the com
/content/mydrive/MyDrive/DeepSpeechv/DeepSpeech/data/Nemorous/Wav/BB32.WAV,82578,the jew is reaping the cob
/content/mydrive/MyDrive/DeepSpeechv/DeepSpeech/data/Nemorous/Wav/BB33.WAV,57078,the con is suing the gin
/content/mydrive/MyDrive/DeepSpeechv/DeepSpeech/data/Nemorous/Wav/BB34.WAV,75454,the dial is tearing the zoo
/content/mydrive/MyDrive/DeepSpeechv/DeepSpeech/data/Nemorous/Wav/BB35.WAV,84642,the faith is owing the bass
/content/mydrive/MyDrive/DeepSpeechv/DeepSpeech/data/Nemorous/Wav/BB36.WAV,80516,the bite is sitting the base
/content/mydrive/MyDrive/DeepSpeechv/DeepSpeech/data/Nemorous/Wav/BB37.WAV,76514,the rot is chewing the fife
/content/mydrive/MyDrive/DeepSpeechv/DeepSpeech/data/Nemorous/Wav/BB38.WAV,88580,the bath is pairing the bash
/content/mydrive/MyDrive/DeepSpeechv/DeepSpeech/data/Nemorous/Wav/BB39.WAV,72454,the bin is sleeping the bad
/content/mydrive/MyDrive/DeepSpeechv/DeepSpeech/data/Nemorous/Wav/BB4.WAV,72080,the kong is licking the chin
/content/mydrive/MyDrive/DeepSpeechv/DeepSpeech/data/Nemorous/Wav/BB40.WAV,71704,the bit is weeping the two
/content/mydrive/MyDrive/DeepSpeechv/DeepSpeech/data/Nemorous/Wav/BB41.WAV,76766,the chin is licking the kong
/content/mydrive/MyDrive/DeepSpeechv/DeepSpeech/data/Nemorous/Wav/BB43.WAV,80704,the sue is wearing the pat
/content/mydrive/MyDrive/DeepSpeechv/DeepSpeech/data/Nemorous/Wav/BB44.WAV,82954,the vat is surging the thin
/content/mydrive/MyDrive/DeepSpeechv/DeepSpeech/data/Nemorous/Wav/BB45.WAV,73580,the cop is knowing the pin
/content/mydrive/MyDrive/DeepSpeechv/DeepSpeech/data/Nemorous/Wav/BB46.WAV,116702,the bert is searching the beige
/content/mydrive/MyDrive/DeepSpeechv/DeepSpeech/data/Nemorous/Wav/BB47.WAV,86140,the boot is waking the fade
/content/mydrive/MyDrive/DeepSpeechv/DeepSpeech/data/Nemorous/Wav/BB49.WAV,72640,the dive is wading the who
/content/mydrive/MyDrive/DeepSpeechv/DeepSpeech/data/Nemorous/Wav/BB50.WAV,78830,the phase is waiting the inn
/content/mydrive/MyDrive/DeepSpeechv/DeepSpeech/data/Nemorous/Wav/BB51.WAV,72812,the five is sipping the dime
/content/mydrive/MyDrive/DeepSpeechv/DeepSpeech/data/Nemorous/Wav/BB52.WAV,67954,the die is weighing the fin
/content/mydrive/MyDrive/DeepSpeechv/DeepSpeech/data/Nemorous/Wav/BB53.WAV,77436,the watt is surfing the bet
/content/mydrive/MyDrive/DeepSpeechv/DeepSpeech/data/Nemorous/Wav/BB54.WAV,68704,the yacht is mowing the moo
/content/mydrive/MyDrive/DeepSpeechv/DeepSpeech/data/Nemorous/Wav/BB55.WAV,97052,the shin is leaping the bathe
/content/mydrive/MyDrive/DeepSpeechv/DeepSpeech/data/Nemorous/Wav/BB56.WAV,69266,the shoe is singing the dew
/content/mydrive/MyDrive/DeepSpeechv/DeepSpeech/data/Nemorous/Wav/BB57.WAV,79392,the fake is serving the goo
/content/mydrive/MyDrive/DeepSpeechv/DeepSpeech/data/Nemorous/Wav/BB58.WAV,67580,the badge is sweeping the knew
/content/mydrive/MyDrive/DeepSpeechv/DeepSpeech/data/Nemorous/Wav/BB59.WAV,113828,the fight is waning the bait
/content/mydrive/MyDrive/DeepSpeechv/DeepSpeech/data/Nemorous/Wav/BB6.WAV,52204,the pat is wearing the sue
/content/mydrive/MyDrive/DeepSpeechv/DeepSpeech/data/Nemorous/Wav/BB60.WAV,67768,the boat is going the back
/content/mydrive/MyDrive/DeepSpeechv/DeepSpeech/data/Nemorous/Wav/BB61.WAV,88766,the face is lifting the tin
/content/mydrive/MyDrive/DeepSpeechv/DeepSpeech/data/Nemorous/Wav/BB62.WAV,73204,the fine is waving the beet
/content/mydrive/MyDrive/DeepSpeechv/DeepSpeech/data/Nemorous/Wav/BB63.WAV,77140,the sin is bearing the bag
/content/mydrive/MyDrive/DeepSpeechv/DeepSpeech/data/Nemorous/Wav/BB64.WAV,56718,the mat is stewing the butt
/content/mydrive/MyDrive/DeepSpeechv/DeepSpeech/data/Nemorous/Wav/BB65.WAV,72266,the fay is heaping the bake
/content/mydrive/MyDrive/DeepSpeechv/DeepSpeech/data/Nemorous/Wav/BB66.WAV,63830,the batch is daring the fate
/content/mydrive/MyDrive/DeepSpeechv/DeepSpeech/data/Nemorous/Wav/BB67.WAV,65704,the lot is living the coo
/content/mydrive/MyDrive/DeepSpeechv/DeepSpeech/data/Nemorous/Wav/BB68.WAV,81620,the com is listing the din
/content/mydrive/MyDrive/DeepSpeechv/DeepSpeech/data/Nemorous/Wav/BB69.WAV,100204,the cob is reaping the jew
/content/mydrive/MyDrive/DeepSpeechv/DeepSpeech/data/Nemorous/Wav/BB7.WAV,68892,the thin is surging the vat
/content/mydrive/MyDrive/DeepSpeechv/DeepSpeech/data/Nemorous/Wav/BB70.WAV,68328,the gin is suing the con
/content/mydrive/MyDrive/DeepSpeechv/DeepSpeech/data/Nemorous/Wav/BB71.WAV,70766,the zoo is tearing the dial
/content/mydrive/MyDrive/DeepSpeechv/DeepSpeech/data/Nemorous/Wav/BB72.WAV,98516,the bass is owing the faith
/content/mydrive/MyDrive/DeepSpeechv/DeepSpeech/data/Nemorous/Wav/BB73.WAV,119516,the base is sitting the bite
/content/mydrive/MyDrive/DeepSpeechv/DeepSpeech/data/Nemorous/Wav/BB74.WAV,81672,the fife is chewing the rot
/content/mydrive/MyDrive/DeepSpeechv/DeepSpeech/data/Nemorous/Wav/BB8.WAV,52204,the pin is knowing the cop
/content/mydrive/MyDrive/DeepSpeechv/DeepSpeech/data/Nemorous/Wav/BB9.WAV,90092,the beige is searching the bert
/content/mydrive/MyDrive/DeepSpeechv/DeepSpeech/data/Nemorous/Wav/BK1.WAV,160678,the sin is sitting the who
/content/mydrive/MyDrive/DeepSpeechv/DeepSpeech/data/Nemorous/Wav/BK10.WAV,165080,the fay is weeping the cob
/content/mydrive/MyDrive/DeepSpeechv/DeepSpeech/data/Nemorous/Wav/BK11.WAV,134258,the knew is heaping the bass
/content/mydrive/MyDrive/DeepSpeechv/DeepSpeech/data/Nemorous/Wav/BK12.WAV,203464,the fake is surging the beet
/content/mydrive/MyDrive/DeepSpeechv/DeepSpeech/data/Nemorous/Wav/BK13.WAV,272886,the lot is listing the bash
/content/mydrive/MyDrive/DeepSpeechv/DeepSpeech/data/Nemorous/Wav/BK14.WAV,191612,the yacht is waving the pin
/content/mydrive/MyDrive/DeepSpeechv/DeepSpeech/data/Nemorous/Wav/BK15.WAV,234992,the bag is suing the faith
/content/mydrive/MyDrive/DeepSpeechv/DeepSpeech/data/Nemorous/Wav/BK16.WAV,215948,the dew is sleeping the shoe
/content/mydrive/MyDrive/DeepSpeechv/DeepSpeech/data/Nemorous/Wav/BK17.WAV,163218,the five is wearing the jew
/content/mydrive/MyDrive/DeepSpeechv/DeepSpeech/data/Nemorous/Wav/BK18.WAV,136308,the butt is owing the mat
/content/mydrive/MyDrive/DeepSpeechv/DeepSpeech/data/Nemorous/Wav/BK2.WAV,190978,the goo is surfing the batch
/content/mydrive/MyDrive/DeepSpeechv/DeepSpeech/data/Nemorous/Wav/BK20.WAV,290510,the con is tearing the sue
/content/mydrive/MyDrive/DeepSpeechv/DeepSpeech/data/Nemorous/Wav/BK21.WAV,232858,the bathe is licking the fat
/content/mydrive/MyDrive/DeepSpeechv/DeepSpeech/data/Nemorous/Wav/BK22.WAV,176110,the inn is sweeping the shin
/content/mydrive/MyDrive/DeepSpeechv/DeepSpeech/data/Nemorous/Wav/BK23.WAV,504988,the fate is lifting the fight
/content/mydrive/MyDrive/DeepSpeechv/DeepSpeech/data/Nemorous/Wav/BK24.WAV,250852,the beige is reaping the din
/content/mydrive/MyDrive/DeepSpeechv/DeepSpeech/data/Nemorous/Wav/BK25.WAV,233512,the boot is knowing the chew
/content/mydrive/MyDrive/DeepSpeechv/DeepSpeech/data/Nemorous/Wav/BK26.WAV,212420,the rot is living the bite
/content/mydrive/MyDrive/DeepSpeechv/DeepSpeech/data/Nemorous/Wav/BK27.WAV,158432,the pat is leaping the bit
/content/mydrive/MyDrive/DeepSpeechv/DeepSpeech/data/Nemorous/Wav/BK28.WAV,225882,the badge is bearing the fine
/content/mydrive/MyDrive/DeepSpeechv/DeepSpeech/data/Nemorous/Wav/BK29.WAV,254662,the boat is serving the vat
/content/mydrive/MyDrive/DeepSpeechv/DeepSpeech/data/Nemorous/Wav/BK3.WAV,184164,the bert is sinning the die
/content/mydrive/MyDrive/DeepSpeechv/DeepSpeech/data/Nemorous/Wav/BK30.WAV,256020,the cop is mowing the face
/content/mydrive/MyDrive/DeepSpeechv/DeepSpeech/data/Nemorous/Wav/BK32.WAV,173234,the bait is waiting the fade
/content/mydrive/MyDrive/DeepSpeechv/DeepSpeech/data/Nemorous/Wav/BK33.WAV,174770,the kong is wading the zoo
/content/mydrive/MyDrive/DeepSpeechv/DeepSpeech/data/Nemorous/Wav/BK34.WAV,273680,the phase is going the dime
/content/mydrive/MyDrive/DeepSpeechv/DeepSpeech/data/Nemorous/Wav/BK35.WAV,194176,the fin is searching the bake
/content/mydrive/MyDrive/DeepSpeechv/DeepSpeech/data/Nemorous/Wav/BK36.WAV,179772,the moo is shooing the base
/content/mydrive/MyDrive/DeepSpeechv/DeepSpeech/data/Nemorous/Wav/BK37.WAV,306358,the dial is chewing the gin
/content/mydrive/MyDrive/DeepSpeechv/DeepSpeech/data/Nemorous/Wav/BK38.WAV,190362,the who is sitting the sin
/content/mydrive/MyDrive/DeepSpeechv/DeepSpeech/data/Nemorous/Wav/BK39.WAV,288840,the batch is surfing the goo
/content/mydrive/MyDrive/DeepSpeechv/DeepSpeech/data/Nemorous/Wav/BK4.WAV,204022,the fife is waking the bad
/content/mydrive/MyDrive/DeepSpeechv/DeepSpeech/data/Nemorous/Wav/BK40.WAV,290008,the die is sinning the bert
/content/mydrive/MyDrive/DeepSpeechv/DeepSpeech/data/Nemorous/Wav/BK41.WAV,359856,the bad is waking the fife
/content/mydrive/MyDrive/DeepSpeechv/DeepSpeech/data/Nemorous/Wav/BK42.WAV,446152,the dive is waning the watt
/content/mydrive/MyDrive/DeepSpeechv/DeepSpeech/data/Nemorous/Wav/BK43.WAV,185652,the com is stewing the back
/content/mydrive/MyDrive/DeepSpeechv/DeepSpeech/data/Nemorous/Wav/BK44.WAV,212658,the tin is pairing the bin
/content/mydrive/MyDrive/DeepSpeechv/DeepSpeech/data/Nemorous/Wav/BK45.WAV,158488,the thin is singing the coo
/content/mydrive/MyDrive/DeepSpeechv/DeepSpeech/data/Nemorous/Wav/BK46.WAV,150380,the bet is weighing the bath
/content/mydrive/MyDrive/DeepSpeechv/DeepSpeech/data/Nemorous/Wav/BK47.WAV,184438,the cob is weeping the fay
/content/mydrive/MyDrive/DeepSpeechv/DeepSpeech/data/Nemorous/Wav/BK48.WAV,243408,the bass is heaping the knew
/content/mydrive/MyDrive/DeepSpeechv/DeepSpeech/data/Nemorous/Wav/BK49.WAV,269214,the beet is surging the fake
/content/mydrive/MyDrive/DeepSpeechv/DeepSpeech/data/Nemorous/Wav/BK5.WAV,270590,the watt is waning the dive
/content/mydrive/MyDrive/DeepSpeechv/DeepSpeech/data/Nemorous/Wav/BK50.WAV,404312,the bash is listing the lot
/content/mydrive/MyDrive/DeepSpeechv/DeepSpeech/data/Nemorous/Wav/BK51.WAV,160220,the pin is waving the yacht
/content/mydrive/MyDrive/DeepSpeechv/DeepSpeech/data/Nemorous/Wav/BK52.WAV,375654,the faith is suing the bag
/content/mydrive/MyDrive/DeepSpeechv/DeepSpeech/data/Nemorous/Wav/BK53.WAV,167472,the shoe is sleeping the dew
/content/mydrive/MyDrive/DeepSpeechv/DeepSpeech/data/Nemorous/Wav/BK54.WAV,522256,the jew is wearing the five
/content/mydrive/MyDrive/DeepSpeechv/DeepSpeech/data/Nemorous/Wav/BK55.WAV,167630,the mat is owing the butt
/content/mydrive/MyDrive/DeepSpeechv/DeepSpeech/data/Nemorous/Wav/BK57.WAV,201300,the sue is tearing the con
/content/mydrive/MyDrive/DeepSpeechv/DeepSpeech/data/Nemorous/Wav/BK58.WAV,218446,the fat is licking the bathe
/content/mydrive/MyDrive/DeepSpeechv/DeepSpeech/data/Nemorous/Wav/BK59.WAV,170928,the shin is sweeping the inn
/content/mydrive/MyDrive/DeepSpeechv/DeepSpeech/data/Nemorous/Wav/BK6.WAV,212876,the back is stewing the com
/content/mydrive/MyDrive/DeepSpeechv/DeepSpeech/data/Nemorous/Wav/BK60.WAV,262306,the fight is lifting the fate
/content/mydrive/MyDrive/DeepSpeechv/DeepSpeech/data/Nemorous/Wav/BK61.WAV,165170,the din is reaping the beige
/content/mydrive/MyDrive/DeepSpeechv/DeepSpeech/data/Nemorous/Wav/BK62.WAV,337950,the chew is knowing the boot
/content/mydrive/MyDrive/DeepSpeechv/DeepSpeech/data/Nemorous/Wav/BK63.WAV,184100,the bite is living the rot
/content/mydrive/MyDrive/DeepSpeechv/DeepSpeech/data/Nemorous/Wav/BK64.WAV,252382,the bit is leaping the pat
/content/mydrive/MyDrive/DeepSpeechv/DeepSpeech/data/Nemorous/Wav/BK65.WAV,223180,the fine is bearing the badge
/content/mydrive/MyDrive/DeepSpeechv/DeepSpeech/data/Nemorous/Wav/BK66.WAV,219104,the vat is serving the boat
/content/mydrive/MyDrive/DeepSpeechv/DeepSpeech/data/Nemorous/Wav/BK67.WAV,315046,the face is mowing the cop
/content/mydrive/MyDrive/DeepSpeechv/DeepSpeech/data/Nemorous/Wav/BK69.WAV,225664,the fade is waiting the bait
/content/mydrive/MyDrive/DeepSpeechv/DeepSpeech/data/Nemorous/Wav/BK7.WAV,236758,the bin is pairing the tin
/content/mydrive/MyDrive/DeepSpeechv/DeepSpeech/data/Nemorous/Wav/BK70.WAV,255082,the zoo is wading the kong
/content/mydrive/MyDrive/DeepSpeechv/DeepSpeech/data/Nemorous/Wav/BK71.WAV,90938,the dime is going the phase
/content/mydrive/MyDrive/DeepSpeechv/DeepSpeech/data/Nemorous/Wav/BK72.WAV,223196,the bake is searching the fin
/content/mydrive/MyDrive/DeepSpeechv/DeepSpeech/data/Nemorous/Wav/BK73.WAV,167966,the base is shooing the moo
/content/mydrive/MyDrive/DeepSpeechv/DeepSpeech/data/Nemorous/Wav/BK74.WAV,159094,the gin is chewing the dial
/content/mydrive/MyDrive/DeepSpeechv/DeepSpeech/data/Nemorous/Wav/BK8.WAV,144708,the coo is singing the thin
/content/mydrive/MyDrive/DeepSpeechv/DeepSpeech/data/Nemorous/Wav/BK9.WAV,227332,the bath is weighing the bet
/content/mydrive/MyDrive/DeepSpeechv/DeepSpeech/data/Nemorous/Wav/BV1.WAV,118440,the fat is surging the bat
/content/mydrive/MyDrive/DeepSpeechv/DeepSpeech/data/Nemorous/Wav/BV10.WAV,81890,the fay is waning the base
/content/mydrive/MyDrive/DeepSpeechv/DeepSpeech/data/Nemorous/Wav/BV11.WAV,80090,the back is reaping the batch
/content/mydrive/MyDrive/DeepSpeechv/DeepSpeech/data/Nemorous/Wav/BV12.WAV,69860,the tin is heaping the die
/content/mydrive/MyDrive/DeepSpeechv/DeepSpeech/data/Nemorous/Wav/BV13.WAV,84736,the dime is serving the boot
/content/mydrive/MyDrive/DeepSpeechv/DeepSpeech/data/Nemorous/Wav/BV14.WAV,73354,the fin is waving the chin
/content/mydrive/MyDrive/DeepSpeechv/DeepSpeech/data/Nemorous/Wav/BV15.WAV,82766,the fight is chewing the who
/content/mydrive/MyDrive/DeepSpeechv/DeepSpeech/data/Nemorous/Wav/BV16.WAV,76204,the phase is pairing the goo
/content/mydrive/MyDrive/DeepSpeechv/DeepSpeech/data/Nemorous/Wav/BV17.WAV,84736,the face is searching the bait
/content/mydrive/MyDrive/DeepSpeechv/DeepSpeech/data/Nemorous/Wav/BV18.WAV,76424,the bass is sweeping the pin
/content/mydrive/MyDrive/DeepSpeechv/DeepSpeech/data/Nemorous/Wav/BV19.WAV,70734,the bathe is licking the bert
/content/mydrive/MyDrive/DeepSpeechv/DeepSpeech/data/Nemorous/Wav/BV2.WAV,126642,the chew is waking the fine
/content/mydrive/MyDrive/DeepSpeechv/DeepSpeech/data/Nemorous/Wav/BV20.WAV,111860,the dial is tearing the zoo
/content/mydrive/MyDrive/DeepSpeechv/DeepSpeech/data/Nemorous/Wav/BV21.WAV,132630,the five is waiting the shin
/content/mydrive/MyDrive/DeepSpeechv/DeepSpeech/data/Nemorous/Wav/BV22.WAV,75328,the dew is wading the kong
/content/mydrive/MyDrive/DeepSpeechv/DeepSpeech/data/Nemorous/Wav/BV23.WAV,85610,the bag is sleeping the cob
/content/mydrive/MyDrive/DeepSpeechv/DeepSpeech/data/Nemorous/Wav/BV24.WAV,99172,the bite is suing the bad
/content/mydrive/MyDrive/DeepSpeechv/DeepSpeech/data/Nemorous/Wav/BV25.WAV,94360,the butt is wearing the sin
/content/mydrive/MyDrive/DeepSpeechv/DeepSpeech/data/Nemorous/Wav/BV26.WAV,61768,the boat is weighing the fade
/content/mydrive/MyDrive/DeepSpeechv/DeepSpeech/data/Nemorous/Wav/BV27.WAV,67016,the watt is leaping the bash
/content/mydrive/MyDrive/DeepSpeechv/DeepSpeech/data/Nemorous/Wav/BV28.WAV,88016,the bake is sitting the yacht
/content/mydrive/MyDrive/DeepSpeechv/DeepSpeech/data/Nemorous/Wav/BV29.WAV,68976,the fate is living the fake
/content/mydrive/MyDrive/DeepSpeechv/DeepSpeech/data/Nemorous/Wav/BV3.WAV,95236,the fife is owing the cop
/content/mydrive/MyDrive/DeepSpeechv/DeepSpeech/data/Nemorous/Wav/BV30.WAV,80142,the pat is singing the lot
/content/mydrive/MyDrive/DeepSpeechv/DeepSpeech/data/Nemorous/Wav/BV31.WAV,74850,the bet is bearing the con
/content/mydrive/MyDrive/DeepSpeechv/DeepSpeech/data/Nemorous/Wav/BV32.WAV,86484,the bath is stewing the com
/content/mydrive/MyDrive/DeepSpeechv/DeepSpeech/data/Nemorous/Wav/BV33.WAV,98736,the gin is surfing the dive
/content/mydrive/MyDrive/DeepSpeechv/DeepSpeech/data/Nemorous/Wav/BV34.WAV,107704,the badge is lifting the beige
/content/mydrive/MyDrive/DeepSpeechv/DeepSpeech/data/Nemorous/Wav/BV35.WAV,67454,the bin is weeping the bat
/content/mydrive/MyDrive/DeepSpeechv/DeepSpeech/data/Nemorous/Wav/BV36.WAV,72424,the coo is daring the vat
/content/mydrive/MyDrive/DeepSpeechv/DeepSpeech/data/Nemorous/Wav/BV37.WAV,100702,the shoe is listing the sue
/content/mydrive/MyDrive/DeepSpeechv/DeepSpeech/data/Nemorous/Wav/BV38.WAV,83642,the bat is surging the fat
/content/mydrive/MyDrive/DeepSpeechv/DeepSpeech/data/Nemorous/Wav/BV39.WAV,89546,the fine is waking the chew
/content/mydrive/MyDrive/DeepSpeechv/DeepSpeech/data/Nemorous/Wav/BV4.WAV,89144,the bit is sipping the mat
/content/mydrive/MyDrive/DeepSpeechv/DeepSpeech/data/Nemorous/Wav/BV40.WAV,95454,the cop is owing the fife
/content/mydrive/MyDrive/DeepSpeechv/DeepSpeech/data/Nemorous/Wav/BV41.WAV,72892,the mat is sipping the bit
/content/mydrive/MyDrive/DeepSpeechv/DeepSpeech/data/Nemorous/Wav/BV42.WAV,85610,the din is shooing the inn
/content/mydrive/MyDrive/DeepSpeechv/DeepSpeech/data/Nemorous/Wav/BV43.WAV,69642,the moo is knowing the two
/content/mydrive/MyDrive/DeepSpeechv/DeepSpeech/data/Nemorous/Wav/BV44.WAV,88018,the jew is mowing the faith
/content/mydrive/MyDrive/DeepSpeechv/DeepSpeech/data/Nemorous/Wav/BV45.WAV,106828,the knew is sinning the thin
/content/mydrive/MyDrive/DeepSpeechv/DeepSpeech/data/Nemorous/Wav/BV46.WAV,74112,the rot is going the beet
/content/mydrive/MyDrive/DeepSpeechv/DeepSpeech/data/Nemorous/Wav/BV47.WAV,69860,the base is waning the fay
/content/mydrive/MyDrive/DeepSpeechv/DeepSpeech/data/Nemorous/Wav/BV48.WAV,73406,the batch is reaping the back
/content/mydrive/MyDrive/DeepSpeechv/DeepSpeech/data/Nemorous/Wav/BV49.WAV,82546,the die is heaping the tin
/content/mydrive/MyDrive/DeepSpeechv/DeepSpeech/data/Nemorous/Wav/BV5.WAV,96174,the inn is shooing the din
/content/mydrive/MyDrive/DeepSpeechv/DeepSpeech/data/Nemorous/Wav/BV50.WAV,101360,the boot is serving the dime
/content/mydrive/MyDrive/DeepSpeechv/DeepSpeech/data/Nemorous/Wav/BV51.WAV,75110,the chin is waving the fin
/content/mydrive/MyDrive/DeepSpeechv/DeepSpeech/data/Nemorous/Wav/BV52.WAV,105488,the who is chewing the fight
/content/mydrive/MyDrive/DeepSpeechv/DeepSpeech/data/Nemorous/Wav/BV53.WAV,77516,the goo is pairing the phase
/content/mydrive/MyDrive/DeepSpeechv/DeepSpeech/data/Nemorous/Wav/BV54.WAV,81364,the bait is searching the face
/content/mydrive/MyDrive/DeepSpeechv/DeepSpeech/data/Nemorous/Wav/BV55.WAV,72648,the pin is sweeping the bass
/content/mydrive/MyDrive/DeepSpeechv/DeepSpeech/data/Nemorous/Wav/BV56.WAV,66508,the bert is licking the bathe
/content/mydrive/MyDrive/DeepSpeechv/DeepSpeech/data/Nemorous/Wav/BV57.WAV,75548,the zoo is tearing the dial
/content/mydrive/MyDrive/DeepSpeechv/DeepSpeech/data/Nemorous/Wav/BV58.WAV,79196,the shin is waiting the five
/content/mydrive/MyDrive/DeepSpeechv/DeepSpeech/data/Nemorous/Wav/BV59.WAV,71392,the kong is wading the dew
/content/mydrive/MyDrive/DeepSpeechv/DeepSpeech/data/Nemorous/Wav/BV6.WAV,78542,the two is knowing the moo
/content/mydrive/MyDrive/DeepSpeechv/DeepSpeech/data/Nemorous/Wav/BV60.WAV,75208,the cob is sleeping the bag
/content/mydrive/MyDrive/DeepSpeechv/DeepSpeech/data/Nemorous/Wav/BV61.WAV,68328,the bad is suing the bite
/content/mydrive/MyDrive/DeepSpeechv/DeepSpeech/data/Nemorous/Wav/BV62.WAV,64122,the sin is wearing the butt
/content/mydrive/MyDrive/DeepSpeechv/DeepSpeech/data/Nemorous/Wav/BV63.WAV,63080,the fade is weighing the boat
/content/mydrive/MyDrive/DeepSpeechv/DeepSpeech/data/Nemorous/Wav/BV64.WAV,61766,the bash is leaping the watt
/content/mydrive/MyDrive/DeepSpeechv/DeepSpeech/data/Nemorous/Wav/BV65.WAV,68326,the yacht is sitting the bake
/content/mydrive/MyDrive/DeepSpeechv/DeepSpeech/data/Nemorous/Wav/BV66.WAV,77954,the fake is living the fate
/content/mydrive/MyDrive/DeepSpeechv/DeepSpeech/data/Nemorous/Wav/BV67.WAV,75166,the lot is singing the pat
/content/mydrive/MyDrive/DeepSpeechv/DeepSpeech/data/Nemorous/Wav/BV68.WAV,64022,the con is bearing the bet
/content/mydrive/MyDrive/DeepSpeechv/DeepSpeech/data/Nemorous/Wav/BV69.WAV,64246,the com is stewing the bath
/content/mydrive/MyDrive/DeepSpeechv/DeepSpeech/data/Nemorous/Wav/BV7.WAV,77658,the faith is mowing the jew
/content/mydrive/MyDrive/DeepSpeechv/DeepSpeech/data/Nemorous/Wav/BV70.WAV,116454,the dive is surfing the gin
/content/mydrive/MyDrive/DeepSpeechv/DeepSpeech/data/Nemorous/Wav/BV71.WAV,87360,the beige is lifting the badge
/content/mydrive/MyDrive/DeepSpeechv/DeepSpeech/data/Nemorous/Wav/BV72.WAV,62204,the bat is weeping the bin
/content/mydrive/MyDrive/DeepSpeechv/DeepSpeech/data/Nemorous/Wav/BV73.WAV,71392,the vat is daring the coo
/content/mydrive/MyDrive/DeepSpeechv/DeepSpeech/data/Nemorous/Wav/BV74.WAV,91954,the sue is listing the shoe
/content/mydrive/MyDrive/DeepSpeechv/DeepSpeech/data/Nemorous/Wav/BV8.WAV,93128,the thin is sinning the knew
/content/mydrive/MyDrive/DeepSpeechv/DeepSpeech/data/Nemorous/Wav/BV9.WAV,71828,the beet is going the rot
/content/mydrive/MyDrive/DeepSpeechv/DeepSpeech/data/Nemorous/Wav/FB1.WAV,102500,the yacht is lifting the bin
/content/mydrive/MyDrive/DeepSpeechv/DeepSpeech/data/Nemorous/Wav/FB10.WAV,95000,the fin is waking the fade
/content/mydrive/MyDrive/DeepSpeechv/DeepSpeech/data/Nemorous/Wav/FB11.WAV,96174,the lot is living the cop
/content/mydrive/MyDrive/DeepSpeechv/DeepSpeech/data/Nemorous/Wav/FB12.WAV,90090,the com is shooing the bass
/content/mydrive/MyDrive/DeepSpeechv/DeepSpeech/data/Nemorous/Wav/FB13.WAV,92190,the who is surfing the watt
/content/mydrive/MyDrive/DeepSpeechv/DeepSpeech/data/Nemorous/Wav/FB14.WAV,91720,the sue is tearing the faith
/content/mydrive/MyDrive/DeepSpeechv/DeepSpeech/data/Nemorous/Wav/FB15.WAV,87970,the bait is surging the back
/content/mydrive/MyDrive/DeepSpeechv/DeepSpeech/data/Nemorous/Wav/FB16.WAV,101702,the base is leaping the tin
/content/mydrive/MyDrive/DeepSpeechv/DeepSpeech/data/Nemorous/Wav/FB17.WAV,95470,the bad is bearing the two
/content/mydrive/MyDrive/DeepSpeechv/DeepSpeech/data/Nemorous/Wav/FB18.WAV,95236,the fate is licking the fife
/content/mydrive/MyDrive/DeepSpeechv/DeepSpeech/data/Nemorous/Wav/FB19.WAV,91252,the sin is singing the din
/content/mydrive/MyDrive/DeepSpeechv/DeepSpeech/data/Nemorous/Wav/FB2.WAV,95000,the dial is suing the die
/content/mydrive/MyDrive/DeepSpeechv/DeepSpeech/data/Nemorous/Wav/FB20.WAV,94298,the fine is serving the fake
/content/mydrive/MyDrive/DeepSpeechv/DeepSpeech/data/Nemorous/Wav/FB21.WAV,89844,the zoo is sitting the bag
/content/mydrive/MyDrive/DeepSpeechv/DeepSpeech/data/Nemorous/Wav/FB22.WAV,98516,the con is mowing the bert
/content/mydrive/MyDrive/DeepSpeechv/DeepSpeech/data/Nemorous/Wav/FB23.WAV,88440,the pin is waiting the boot
/content/mydrive/MyDrive/DeepSpeechv/DeepSpeech/data/Nemorous/Wav/FB24.WAV,86470,the rot is stewing the knew
/content/mydrive/MyDrive/DeepSpeechv/DeepSpeech/data/Nemorous/Wav/FB25.WAV,99220,the kong is searching the fay
/content/mydrive/MyDrive/DeepSpeechv/DeepSpeech/data/Nemorous/Wav/FB26.WAV,96174,the shin is wearing the beige
/content/mydrive/MyDrive/DeepSpeechv/DeepSpeech/data/Nemorous/Wav/FB27.WAV,94534,the vat is daring the inn
/content/mydrive/MyDrive/DeepSpeechv/DeepSpeech/data/Nemorous/Wav/FB28.WAV,98518,the bake is sweeping the dew
/content/mydrive/MyDrive/DeepSpeechv/DeepSpeech/data/Nemorous/Wav/FB3.WAV,104376,the five is weeping the butt
/content/mydrive/MyDrive/DeepSpeechv/DeepSpeech/data/Nemorous/Wav/FB30.WAV,99922,the dime is knowing the phase
/content/mydrive/MyDrive/DeepSpeechv/DeepSpeech/data/Nemorous/Wav/FB31.WAV,106018,the fight is sleeping the badge
/content/mydrive/MyDrive/DeepSpeechv/DeepSpeech/data/Nemorous/Wav/FB32.WAV,113752,the bit is sipping the chin
/content/mydrive/MyDrive/DeepSpeechv/DeepSpeech/data/Nemorous/Wav/FB33.WAV,93830,the pat is wading the coo
/content/mydrive/MyDrive/DeepSpeechv/DeepSpeech/data/Nemorous/Wav/FB34.WAV,91334,the cob is owing the bath
/content/mydrive/MyDrive/DeepSpeechv/DeepSpeech/data/Nemorous/Wav/FB35.WAV,113748,the face is weighing the jew
/content/mydrive/MyDrive/DeepSpeechv/DeepSpeech/data/Nemorous/Wav/FB36.WAV,101330,the batch is waving the chew
/content/mydrive/MyDrive/DeepSpeechv/DeepSpeech/data/Nemorous/Wav/FB37.WAV,113518,the moo is sinning the gin
/content/mydrive/MyDrive/DeepSpeechv/DeepSpeech/data/Nemorous/Wav/FB38.WAV,97814,the bin is lifting the yacht
/content/mydrive/MyDrive/DeepSpeechv/DeepSpeech/data/Nemorous/Wav/FB39.WAV,105080,the die is suing the dial
/content/mydrive/MyDrive/DeepSpeechv/DeepSpeech/data/Nemorous/Wav/FB4.WAV,102502,the bathe is going the thin
/content/mydrive/MyDrive/DeepSpeechv/DeepSpeech/data/Nemorous/Wav/FB40.WAV,116798,the butt is weeping the five
/content/mydrive/MyDrive/DeepSpeechv/DeepSpeech/data/Nemorous/Wav/FB41.WAV,100626,the thin is going the bathe
/content/mydrive/MyDrive/DeepSpeechv/DeepSpeech/data/Nemorous/Wav/FB42.WAV,93128,the beet is pairing the shoe
/content/mydrive/MyDrive/DeepSpeechv/DeepSpeech/data/Nemorous/Wav/FB43.WAV,91018,the fat is heaping the boat
/content/mydrive/MyDrive/DeepSpeechv/DeepSpeech/data/Nemorous/Wav/FB45.WAV,114616,the bet is listing the bite
/content/mydrive/MyDrive/DeepSpeechv/DeepSpeech/data/Nemorous/Wav/FB46.WAV,93362,the bash is chewing the mat
/content/mydrive/MyDrive/DeepSpeechv/DeepSpeech/data/Nemorous/Wav/FB47.WAV,166464,the fade is waking the fin
/content/mydrive/MyDrive/DeepSpeechv/DeepSpeech/data/Nemorous/Wav/FB48.WAV,90656,the cop is living the lot
/content/mydrive/MyDrive/DeepSpeechv/DeepSpeech/data/Nemorous/Wav/FB49.WAV,96408,the bass is shooing the com
/content/mydrive/MyDrive/DeepSpeechv/DeepSpeech/data/Nemorous/Wav/FB5.WAV,93830,the shoe is pairing the beet
/content/mydrive/MyDrive/DeepSpeechv/DeepSpeech/data/Nemorous/Wav/FB50.WAV,91722,the watt is surfing the who
/content/mydrive/MyDrive/DeepSpeechv/DeepSpeech/data/Nemorous/Wav/FB51.WAV,99690,the faith is tearing the sue
/content/mydrive/MyDrive/DeepSpeechv/DeepSpeech/data/Nemorous/Wav/FB52.WAV,88674,the back is surging the bait
/content/mydrive/MyDrive/DeepSpeechv/DeepSpeech/data/Nemorous/Wav/FB53.WAV,98398,the tin is leaping the base
/content/mydrive/MyDrive/DeepSpeechv/DeepSpeech/data/Nemorous/Wav/FB54.WAV,87502,the two is bearing the bad
/content/mydrive/MyDrive/DeepSpeechv/DeepSpeech/data/Nemorous/Wav/FB55.WAV,103440,the fife is licking the fate
/content/mydrive/MyDrive/DeepSpeechv/DeepSpeech/data/Nemorous/Wav/FB56.WAV,98986,the din is singing the sin
/content/mydrive/MyDrive/DeepSpeechv/DeepSpeech/data/Nemorous/Wav/FB57.WAV,110000,the fake is serving the fine
/content/mydrive/MyDrive/DeepSpeechv/DeepSpeech/data/Nemorous/Wav/FB58.WAV,97346,the bag is sitting the zoo
/content/mydrive/MyDrive/DeepSpeechv/DeepSpeech/data/Nemorous/Wav/FB59.WAV,94532,the bert is mowing the con
/content/mydrive/MyDrive/DeepSpeechv/DeepSpeech/data/Nemorous/Wav/FB6.WAV,101282,the boat is heaping the fat
/content/mydrive/MyDrive/DeepSpeechv/DeepSpeech/data/Nemorous/Wav/FB60.WAV,87502,the boot is waiting the pin
/content/mydrive/MyDrive/DeepSpeechv/DeepSpeech/data/Nemorous/Wav/FB61.WAV,85050,the knew is stewing the rot
/content/mydrive/MyDrive/DeepSpeechv/DeepSpeech/data/Nemorous/Wav/FB62.WAV,101330,the fay is searching the kong
/content/mydrive/MyDrive/DeepSpeechv/DeepSpeech/data/Nemorous/Wav/FB63.WAV,99454,the beige is wearing the shin
/content/mydrive/MyDrive/DeepSpeechv/DeepSpeech/data/Nemorous/Wav/FB64.WAV,98750,the inn is daring the vat
/content/mydrive/MyDrive/DeepSpeechv/DeepSpeech/data/Nemorous/Wav/FB65.WAV,94142,the dew is sweeping the bake
/content/mydrive/MyDrive/DeepSpeechv/DeepSpeech/data/Nemorous/Wav/FB67.WAV,107658,the phase is knowing the dime
/content/mydrive/MyDrive/DeepSpeechv/DeepSpeech/data/Nemorous/Wav/FB68.WAV,152424,the badge is sleeping the fight
/content/mydrive/MyDrive/DeepSpeechv/DeepSpeech/data/Nemorous/Wav/FB69.WAV,90080,the chin is sipping the bit
/content/mydrive/MyDrive/DeepSpeechv/DeepSpeech/data/Nemorous/Wav/FB70.WAV,89376,the coo is wading the pat
/content/mydrive/MyDrive/DeepSpeechv/DeepSpeech/data/Nemorous/Wav/FB71.WAV,92424,the bath is owing the cob
/content/mydrive/MyDrive/DeepSpeechv/DeepSpeech/data/Nemorous/Wav/FB72.WAV,100392,the jew is weighing the face
/content/mydrive/MyDrive/DeepSpeechv/DeepSpeech/data/Nemorous/Wav/FB73.WAV,97814,the chew is waving the batch
/content/mydrive/MyDrive/DeepSpeechv/DeepSpeech/data/Nemorous/Wav/FB74.WAV,92424,the gin is sinning the moo
/content/mydrive/MyDrive/DeepSpeechv/DeepSpeech/data/Nemorous/Wav/FB8.WAV,95938,the bite is listing the bet
/content/mydrive/MyDrive/DeepSpeechv/DeepSpeech/data/Nemorous/Wav/FB9.WAV,95472,the mat is chewing the bash
/content/mydrive/MyDrive/DeepSpeechv/DeepSpeech/data/Nemorous/Wav/JF1.WAV,122636,the fay is sitting the bert
/content/mydrive/MyDrive/DeepSpeechv/DeepSpeech/data/Nemorous/Wav/JF11.WAV,101878,the bake is leaping the sue
/content/mydrive/MyDrive/DeepSpeechv/DeepSpeech/data/Nemorous/Wav/JF12.WAV,101262,the fife is going the mat
/content/mydrive/MyDrive/DeepSpeechv/DeepSpeech/data/Nemorous/Wav/JF13.WAV,97110,the bin is lifting the die
/content/mydrive/MyDrive/DeepSpeechv/DeepSpeech/data/Nemorous/Wav/JF14.WAV,120176,the inn is licking the batch
/content/mydrive/MyDrive/DeepSpeechv/DeepSpeech/data/Nemorous/Wav/JF15.WAV,104492,the boat is surging the chin
/content/mydrive/MyDrive/DeepSpeechv/DeepSpeech/data/Nemorous/Wav/JF16.WAV,113872,the phase is searching the watt
/content/mydrive/MyDrive/DeepSpeechv/DeepSpeech/data/Nemorous/Wav/JF17.WAV,120330,the chew is waning the rot
/content/mydrive/MyDrive/DeepSpeechv/DeepSpeech/data/Nemorous/Wav/JF18.WAV,113564,the fin is sipping the bag
/content/mydrive/MyDrive/DeepSpeechv/DeepSpeech/data/Nemorous/Wav/JF19.WAV,98802,the din is sinning the moo
/content/mydrive/MyDrive/DeepSpeechv/DeepSpeech/data/Nemorous/Wav/JF2.WAV,101108,the thin is shooing the dew
/content/mydrive/MyDrive/DeepSpeechv/DeepSpeech/data/Nemorous/Wav/JF20.WAV,131556,the vat is sleeping the bad
/content/mydrive/MyDrive/DeepSpeechv/DeepSpeech/data/Nemorous/Wav/JF21.WAV,100954,the fine is listing the kong
/content/mydrive/MyDrive/DeepSpeechv/DeepSpeech/data/Nemorous/Wav/JF22.WAV,93112,the lot is surfing the bite
/content/mydrive/MyDrive/DeepSpeechv/DeepSpeech/data/Nemorous/Wav/JF23.WAV,101570,the dive is wading the fight
/content/mydrive/MyDrive/DeepSpeechv/DeepSpeech/data/Nemorous/Wav/JF24.WAV,117100,the bet is waiting the bass
/content/mydrive/MyDrive/DeepSpeechv/DeepSpeech/data/Nemorous/Wav/JF25.WAV,131402,the faith is sweeping the bash
/content/mydrive/MyDrive/DeepSpeechv/DeepSpeech/data/Nemorous/Wav/JF26.WAV,115716,the goo is suing the dial
/content/mydrive/MyDrive/DeepSpeechv/DeepSpeech/data/Nemorous/Wav/JF27.WAV,128326,the two is chewing the gin
/content/mydrive/MyDrive/DeepSpeechv/DeepSpeech/data/Nemorous/Wav/JF28.WAV,114180,the con is weeping the cob
/content/mydrive/MyDrive/DeepSpeechv/DeepSpeech/data/Nemorous/Wav/JF29.WAV,106030,the bait is singing the knew
/content/mydrive/MyDrive/DeepSpeechv/DeepSpeech/data/Nemorous/Wav/JF3.WAV,113256,the tin is bearing the bit
/content/mydrive/MyDrive/DeepSpeechv/DeepSpeech/data/Nemorous/Wav/JF30.WAV,95418,the sin is serving the who
/content/mydrive/MyDrive/DeepSpeechv/DeepSpeech/data/Nemorous/Wav/JF31.WAV,128172,the boot is pairing the beige
/content/mydrive/MyDrive/DeepSpeechv/DeepSpeech/data/Nemorous/Wav/JF32.WAV,122836,the bath is waking the bathe
/content/mydrive/MyDrive/DeepSpeechv/DeepSpeech/data/Nemorous/Wav/JF33.WAV,116466,the pin is daring the fat
/content/mydrive/MyDrive/DeepSpeechv/DeepSpeech/data/Nemorous/Wav/JF34.WAV,128690,the zoo is waving the pat
/content/mydrive/MyDrive/DeepSpeechv/DeepSpeech/data/Nemorous/Wav/JF35.WAV,112160,the fate is reaping the face
/content/mydrive/MyDrive/DeepSpeechv/DeepSpeech/data/Nemorous/Wav/JF36.WAV,109234,the five is wearing the shin
/content/mydrive/MyDrive/DeepSpeechv/DeepSpeech/data/Nemorous/Wav/JF37.WAV,131272,the jew is owing the back
/content/mydrive/MyDrive/DeepSpeechv/DeepSpeech/data/Nemorous/Wav/JF38.WAV,155032,the bert is sitting the fay
/content/mydrive/MyDrive/DeepSpeechv/DeepSpeech/data/Nemorous/Wav/JF39.WAV,101142,the dew is shooing the thin
/content/mydrive/MyDrive/DeepSpeechv/DeepSpeech/data/Nemorous/Wav/JF4.WAV,103722,the yacht is knowing the cop
/content/mydrive/MyDrive/DeepSpeechv/DeepSpeech/data/Nemorous/Wav/JF40.WAV,97698,the bit is bearing the tin
/content/mydrive/MyDrive/DeepSpeechv/DeepSpeech/data/Nemorous/Wav/JF41.WAV,113366,the cop is knowing the yacht
/content/mydrive/MyDrive/DeepSpeechv/DeepSpeech/data/Nemorous/Wav/JF43.WAV,103380,the fake is stewing the coo
/content/mydrive/MyDrive/DeepSpeechv/DeepSpeech/data/Nemorous/Wav/JF44.WAV,99938,the base is living the com
/content/mydrive/MyDrive/DeepSpeechv/DeepSpeech/data/Nemorous/Wav/JF45.WAV,126968,the butt is mowing the beet
/content/mydrive/MyDrive/DeepSpeechv/DeepSpeech/data/Nemorous/Wav/JF46.WAV,102176,the fade is heaping the shoe
/content/mydrive/MyDrive/DeepSpeechv/DeepSpeech/data/Nemorous/Wav/JF48.WAV,109406,the sue is leaping the bake
/content/mydrive/MyDrive/DeepSpeechv/DeepSpeech/data/Nemorous/Wav/JF49.WAV,106824,the mat is going the fife
/content/mydrive/MyDrive/DeepSpeechv/DeepSpeech/data/Nemorous/Wav/JF50.WAV,100282,the die is lifting the bin
/content/mydrive/MyDrive/DeepSpeechv/DeepSpeech/data/Nemorous/Wav/JF51.WAV,112162,the batch is licking the inn
/content/mydrive/MyDrive/DeepSpeechv/DeepSpeech/data/Nemorous/Wav/JF52.WAV,114056,the chin is surging the boat
/content/mydrive/MyDrive/DeepSpeechv/DeepSpeech/data/Nemorous/Wav/JF53.WAV,132132,the watt is searching the phase
/content/mydrive/MyDrive/DeepSpeechv/DeepSpeech/data/Nemorous/Wav/JF54.WAV,112160,the rot is waning the chew
/content/mydrive/MyDrive/DeepSpeechv/DeepSpeech/data/Nemorous/Wav/JF55.WAV,126624,the bag is sipping the fin
/content/mydrive/MyDrive/DeepSpeechv/DeepSpeech/data/Nemorous/Wav/JF56.WAV,91500,the moo is sinning the din
/content/mydrive/MyDrive/DeepSpeechv/DeepSpeech/data/Nemorous/Wav/JF57.WAV,110348,the bad is sleeping the vat
/content/mydrive/MyDrive/DeepSpeechv/DeepSpeech/data/Nemorous/Wav/JF58.WAV,106832,the kong is listing the fine
/content/mydrive/MyDrive/DeepSpeechv/DeepSpeech/data/Nemorous/Wav/JF59.WAV,140072,the bite is surfing the lot
/content/mydrive/MyDrive/DeepSpeechv/DeepSpeech/data/Nemorous/Wav/JF6.WAV,136168,the coo is stewing the fake
/content/mydrive/MyDrive/DeepSpeechv/DeepSpeech/data/Nemorous/Wav/JF60.WAV,125210,the fight is wading the dive
/content/mydrive/MyDrive/DeepSpeechv/DeepSpeech/data/Nemorous/Wav/JF61.WAV,94526,the bass is waiting the bet
/content/mydrive/MyDrive/DeepSpeechv/DeepSpeech/data/Nemorous/Wav/JF62.WAV,118498,the bash is sweeping the faith
/content/mydrive/MyDrive/DeepSpeechv/DeepSpeech/data/Nemorous/Wav/JF63.WAV,106992,the dial is suing the goo
/content/mydrive/MyDrive/DeepSpeechv/DeepSpeech/data/Nemorous/Wav/JF64.WAV,150938,the gin is chewing the two
/content/mydrive/MyDrive/DeepSpeechv/DeepSpeech/data/Nemorous/Wav/JF65.WAV,115462,the cob is weeping the con
/content/mydrive/MyDrive/DeepSpeechv/DeepSpeech/data/Nemorous/Wav/JF66.WAV,111146,the knew is singing the bait
/content/mydrive/MyDrive/DeepSpeechv/DeepSpeech/data/Nemorous/Wav/JF67.WAV,128406,the who is serving the sin
/content/mydrive/MyDrive/DeepSpeechv/DeepSpeech/data/Nemorous/Wav/JF68.WAV,109070,the beige is pairing the boot
/content/mydrive/MyDrive/DeepSpeechv/DeepSpeech/data/Nemorous/Wav/JF69.WAV,119936,the bathe is waking the bath
/content/mydrive/MyDrive/DeepSpeechv/DeepSpeech/data/Nemorous/Wav/JF7.WAV,128018,the com is living the base
/content/mydrive/MyDrive/DeepSpeechv/DeepSpeech/data/Nemorous/Wav/JF70.WAV,114822,the fat is daring the pin
/content/mydrive/MyDrive/DeepSpeechv/DeepSpeech/data/Nemorous/Wav/JF71.WAV,129684,the pat is waving the zoo
/content/mydrive/MyDrive/DeepSpeechv/DeepSpeech/data/Nemorous/Wav/JF72.WAV,100120,the face is reaping the fate
/content/mydrive/MyDrive/DeepSpeechv/DeepSpeech/data/Nemorous/Wav/JF73.WAV,108270,the shin is wearing the five
/content/mydrive/MyDrive/DeepSpeechv/DeepSpeech/data/Nemorous/Wav/JF74.WAV,111306,the back is owing the jew
/content/mydrive/MyDrive/DeepSpeechv/DeepSpeech/data/Nemorous/Wav/JF8.WAV,121098,the beet is mowing the butt
/content/mydrive/MyDrive/DeepSpeechv/DeepSpeech/data/Nemorous/Wav/JF9.WAV,106030,the shoe is heaping the fade
/content/mydrive/MyDrive/DeepSpeechv/DeepSpeech/data/Nemorous/Wav/KS1.WAV,413830,the fife is lifting the boat
/content/mydrive/MyDrive/DeepSpeechv/DeepSpeech/data/Nemorous/Wav/KS10.WAV,774080,the fade is waving the sin
/content/mydrive/MyDrive/DeepSpeechv/DeepSpeech/data/Nemorous/Wav/KS11.WAV,448078,the pin is daring the bath
/content/mydrive/MyDrive/DeepSpeechv/DeepSpeech/data/Nemorous/Wav/KS12.WAV,530180,the base is waning the mat
/content/mydrive/MyDrive/DeepSpeechv/DeepSpeech/data/Nemorous/Wav/KS13.WAV,706580,the rot is wading the dew
/content/mydrive/MyDrive/DeepSpeechv/DeepSpeech/data/Nemorous/Wav/KS14.WAV,643580,the gin is singing the inn
/content/mydrive/MyDrive/DeepSpeechv/DeepSpeech/data/Nemorous/Wav/KS15.WAV,348830,the tin is sitting the moo
/content/mydrive/MyDrive/DeepSpeechv/DeepSpeech/data/Nemorous/Wav/KS16.WAV,391580,the beet is wearing the beige
/content/mydrive/MyDrive/DeepSpeechv/DeepSpeech/data/Nemorous/Wav/KS17.WAV,387080,the kong is waiting the batch
/content/mydrive/MyDrive/DeepSpeechv/DeepSpeech/data/Nemorous/Wav/KS19.WAV,460430,the butt is serving the die
/content/mydrive/MyDrive/DeepSpeechv/DeepSpeech/data/Nemorous/Wav/KS2.WAV,424580,the bake is shooing the five
/content/mydrive/MyDrive/DeepSpeechv/DeepSpeech/data/Nemorous/Wav/KS20.WAV,313730,the fin is chewing the bag
/content/mydrive/MyDrive/DeepSpeechv/DeepSpeech/data/Nemorous/Wav/KS21.WAV,326330,the fine is surging the bert
/content/mydrive/MyDrive/DeepSpeechv/DeepSpeech/data/Nemorous/Wav/KS22.WAV,275030,the cob is going the bite
/content/mydrive/MyDrive/DeepSpeechv/DeepSpeech/data/Nemorous/Wav/KS23.WAV,306980,the bad is sweeping the bet
/content/mydrive/MyDrive/DeepSpeechv/DeepSpeech/data/Nemorous/Wav/KS24.WAV,407330,the sue is mowing the faith
/content/mydrive/MyDrive/DeepSpeechv/DeepSpeech/data/Nemorous/Wav/KS26.WAV,720080,the din is sipping the pat
/content/mydrive/MyDrive/DeepSpeechv/DeepSpeech/data/Nemorous/Wav/KS27.WAV,297980,the yacht is owing the bait
/content/mydrive/MyDrive/DeepSpeechv/DeepSpeech/data/Nemorous/Wav/KS28.WAV,437030,the badge is leaping the knew
/content/mydrive/MyDrive/DeepSpeechv/DeepSpeech/data/Nemorous/Wav/KS29.WAV,326780,the fate is heaping the fake
/content/mydrive/MyDrive/DeepSpeechv/DeepSpeech/data/Nemorous/Wav/KS3.WAV,431830,the bathe is reaping the dial
/content/mydrive/MyDrive/DeepSpeechv/DeepSpeech/data/Nemorous/Wav/KS30.WAV,493730,the chin is sleeping the bit
/content/mydrive/MyDrive/DeepSpeechv/DeepSpeech/data/Nemorous/Wav/KS31.WAV,387530,the lot is searching the bass
/content/mydrive/MyDrive/DeepSpeechv/DeepSpeech/data/Nemorous/Wav/KS32.WAV,543680,the zoo is weeping the com
/content/mydrive/MyDrive/DeepSpeechv/DeepSpeech/data/Nemorous/Wav/KS33.WAV,270530,the coo is weighing the shin
/content/mydrive/MyDrive/DeepSpeechv/DeepSpeech/data/Nemorous/Wav/KS34.WAV,549530,the who is pairing the chew
/content/mydrive/MyDrive/DeepSpeechv/DeepSpeech/data/Nemorous/Wav/KS35.WAV,289668,the dive is bearing the cop
/content/mydrive/MyDrive/DeepSpeechv/DeepSpeech/data/Nemorous/Wav/KS36.WAV,293030,the dime is knowing the boot
/content/mydrive/MyDrive/DeepSpeechv/DeepSpeech/data/Nemorous/Wav/KS37.WAV,403730,the fat is waking the two
/content/mydrive/MyDrive/DeepSpeechv/DeepSpeech/data/Nemorous/Wav/KS38.WAV,281330,the boat is lifting the fife
/content/mydrive/MyDrive/DeepSpeechv/DeepSpeech/data/Nemorous/Wav/KS39.WAV,708380,the five is shooing the bake
/content/mydrive/MyDrive/DeepSpeechv/DeepSpeech/data/Nemorous/Wav/KS4.WAV,446580,the watt is tearing the phase
/content/mydrive/MyDrive/DeepSpeechv/DeepSpeech/data/Nemorous/Wav/KS40.WAV,455030,the dial is reaping the bathe
/content/mydrive/MyDrive/DeepSpeechv/DeepSpeech/data/Nemorous/Wav/KS41.WAV,576078,the phase is tearing the watt
/content/mydrive/MyDrive/DeepSpeechv/DeepSpeech/data/Nemorous/Wav/KS42.WAV,424430,the bash is licking the con
/content/mydrive/MyDrive/DeepSpeechv/DeepSpeech/data/Nemorous/Wav/KS43.WAV,609830,the goo is suing the shoe
/content/mydrive/MyDrive/DeepSpeechv/DeepSpeech/data/Nemorous/Wav/KS44.WAV,373580,the thin is stewing the back
/content/mydrive/MyDrive/DeepSpeechv/DeepSpeech/data/Nemorous/Wav/KS45.WAV,407780,the jew is living the vat
/content/mydrive/MyDrive/DeepSpeechv/DeepSpeech/data/Nemorous/Wav/KS46.WAV,414080,the fight is surfing the face
/content/mydrive/MyDrive/DeepSpeechv/DeepSpeech/data/Nemorous/Wav/KS47.WAV,572480,the sin is waving the fade
/content/mydrive/MyDrive/DeepSpeechv/DeepSpeech/data/Nemorous/Wav/KS48.WAV,435230,the bath is daring the pin
/content/mydrive/MyDrive/DeepSpeechv/DeepSpeech/data/Nemorous/Wav/KS49.WAV,491608,the mat is waning the base
/content/mydrive/MyDrive/DeepSpeechv/DeepSpeech/data/Nemorous/Wav/KS5.WAV,403080,the con is licking the bash
/content/mydrive/MyDrive/DeepSpeechv/DeepSpeech/data/Nemorous/Wav/KS50.WAV,294456,the dew is wading the rot
/content/mydrive/MyDrive/DeepSpeechv/DeepSpeech/data/Nemorous/Wav/KS51.WAV,318832,the inn is singing the gin
/content/mydrive/MyDrive/DeepSpeechv/DeepSpeech/data/Nemorous/Wav/KS52.WAV,383050,the moo is sitting the tin
/content/mydrive/MyDrive/DeepSpeechv/DeepSpeech/data/Nemorous/Wav/KS53.WAV,370862,the beige is wearing the beet
/content/mydrive/MyDrive/DeepSpeechv/DeepSpeech/data/Nemorous/Wav/KS54.WAV,407424,the batch is waiting the kong
/content/mydrive/MyDrive/DeepSpeechv/DeepSpeech/data/Nemorous/Wav/KS56.WAV,402268,the die is serving the butt
/content/mydrive/MyDrive/DeepSpeechv/DeepSpeech/data/Nemorous/Wav/KS57.WAV,181018,the bag is chewing the fin
/content/mydrive/MyDrive/DeepSpeechv/DeepSpeech/data/Nemorous/Wav/KS58.WAV,288360,the bert is surging the fine
/content/mydrive/MyDrive/DeepSpeechv/DeepSpeech/data/Nemorous/Wav/KS59.WAV,277826,the bite is going the cob
/content/mydrive/MyDrive/DeepSpeechv/DeepSpeech/data/Nemorous/Wav/KS6.WAV,643580,the shoe is suing the goo
/content/mydrive/MyDrive/DeepSpeechv/DeepSpeech/data/Nemorous/Wav/KS60.WAV,534930,the bet is sweeping the bad
/content/mydrive/MyDrive/DeepSpeechv/DeepSpeech/data/Nemorous/Wav/KS61.WAV,415580,the faith is mowing the sue
/content/mydrive/MyDrive/DeepSpeechv/DeepSpeech/data/Nemorous/Wav/KS63.WAV,404610,the pat is sipping the din
/content/mydrive/MyDrive/DeepSpeechv/DeepSpeech/data/Nemorous/Wav/KS64.WAV,362080,the bait is owing the yacht
/content/mydrive/MyDrive/DeepSpeechv/DeepSpeech/data/Nemorous/Wav/KS65.WAV,312580,the knew is leaping the badge
/content/mydrive/MyDrive/DeepSpeechv/DeepSpeech/data/Nemorous/Wav/KS66.WAV,133580,the fake is heaping the fate
/content/mydrive/MyDrive/DeepSpeechv/DeepSpeech/data/Nemorous/Wav/KS67.WAV,318330,the bit is sleeping the chin
/content/mydrive/MyDrive/DeepSpeechv/DeepSpeech/data/Nemorous/Wav/KS68.WAV,530330,the bass is searching the lot
/content/mydrive/MyDrive/DeepSpeechv/DeepSpeech/data/Nemorous/Wav/KS69.WAV,342080,the com is weeping the zoo
/content/mydrive/MyDrive/DeepSpeechv/DeepSpeech/data/Nemorous/Wav/KS7.WAV,453680,the back is stewing the thin
/content/mydrive/MyDrive/DeepSpeechv/DeepSpeech/data/Nemorous/Wav/KS70.WAV,486080,the shin is weighing the coo
/content/mydrive/MyDrive/DeepSpeechv/DeepSpeech/data/Nemorous/Wav/KS71.WAV,329080,the chew is pairing the who
/content/mydrive/MyDrive/DeepSpeechv/DeepSpeech/data/Nemorous/Wav/KS72.WAV,215580,the cop is bearing the dive
/content/mydrive/MyDrive/DeepSpeechv/DeepSpeech/data/Nemorous/Wav/KS73.WAV,442330,the boot is knowing the dime
/content/mydrive/MyDrive/DeepSpeechv/DeepSpeech/data/Nemorous/Wav/KS74.WAV,316080,the two is waking the fat
/content/mydrive/MyDrive/DeepSpeechv/DeepSpeech/data/Nemorous/Wav/KS8.WAV,607130,the vat is living the jew
/content/mydrive/MyDrive/DeepSpeechv/DeepSpeech/data/Nemorous/Wav/KS9.WAV,477980,the face is surfing the fight
/content/mydrive/MyDrive/DeepSpeechv/DeepSpeech/data/Nemorous/Wav/LL1.WAV,107520,the fate is stewing the sue
/content/mydrive/MyDrive/DeepSpeechv/DeepSpeech/data/Nemorous/Wav/LL10.WAV,113300,the boot is listing the thin
/content/mydrive/MyDrive/DeepSpeechv/DeepSpeech/data/Nemorous/Wav/LL11.WAV,96490,the bet is wearing the bit
/content/mydrive/MyDrive/DeepSpeechv/DeepSpeech/data/Nemorous/Wav/LL12.WAV,100550,the watt is waking the fake
/content/mydrive/MyDrive/DeepSpeechv/DeepSpeech/data/Nemorous/Wav/LL13.WAV,97104,the fin is waiting the kong
/content/mydrive/MyDrive/DeepSpeechv/DeepSpeech/data/Nemorous/Wav/LL14.WAV,110452,the dive is singing the phase
/content/mydrive/MyDrive/DeepSpeechv/DeepSpeech/data/Nemorous/Wav/LL15.WAV,101336,the who is owing the fight
/content/mydrive/MyDrive/DeepSpeechv/DeepSpeech/data/Nemorous/Wav/LL16.WAV,109632,the cop is tearing the yacht
/content/mydrive/MyDrive/DeepSpeechv/DeepSpeech/data/Nemorous/Wav/LL17.WAV,106702,the jew is wading the pat
/content/mydrive/MyDrive/DeepSpeechv/DeepSpeech/data/Nemorous/Wav/LL18.WAV,111180,the bake is waning the bath
/content/mydrive/MyDrive/DeepSpeechv/DeepSpeech/data/Nemorous/Wav/LL19.WAV,104910,the beige is heaping the beet
/content/mydrive/MyDrive/DeepSpeechv/DeepSpeech/data/Nemorous/Wav/LL2.WAV,106148,the gin is going the dew
/content/mydrive/MyDrive/DeepSpeechv/DeepSpeech/data/Nemorous/Wav/LL20.WAV,102664,the chew is living the batch
/content/mydrive/MyDrive/DeepSpeechv/DeepSpeech/data/Nemorous/Wav/LL21.WAV,120646,the die is reaping the vat
/content/mydrive/MyDrive/DeepSpeechv/DeepSpeech/data/Nemorous/Wav/LL22.WAV,99408,the bad is surfing the shin
/content/mydrive/MyDrive/DeepSpeechv/DeepSpeech/data/Nemorous/Wav/LL23.WAV,111450,the fay is sipping the face
/content/mydrive/MyDrive/DeepSpeechv/DeepSpeech/data/Nemorous/Wav/LL25.WAV,103820,the two is bearing the fat
/content/mydrive/MyDrive/DeepSpeechv/DeepSpeech/data/Nemorous/Wav/LL26.WAV,121952,the bash is searching the bass
/content/mydrive/MyDrive/DeepSpeechv/DeepSpeech/data/Nemorous/Wav/LL27.WAV,114610,the com is sleeping the mat
/content/mydrive/MyDrive/DeepSpeechv/DeepSpeech/data/Nemorous/Wav/LL28.WAV,102458,the base is leaping the coo
/content/mydrive/MyDrive/DeepSpeechv/DeepSpeech/data/Nemorous/Wav/LL29.WAV,98536,the bite is sinning the shoe
/content/mydrive/MyDrive/DeepSpeechv/DeepSpeech/data/Nemorous/Wav/LL3.WAV,114756,the con is knowing the cob
/content/mydrive/MyDrive/DeepSpeechv/DeepSpeech/data/Nemorous/Wav/LL30.WAV,98050,the faith is serving the sin
/content/mydrive/MyDrive/DeepSpeechv/DeepSpeech/data/Nemorous/Wav/LL31.WAV,104178,the bag is pairing the fade
/content/mydrive/MyDrive/DeepSpeechv/DeepSpeech/data/Nemorous/Wav/LL32.WAV,95936,the zoo is chewing the din
/content/mydrive/MyDrive/DeepSpeechv/DeepSpeech/data/Nemorous/Wav/LL33.WAV,100224,the pin is lifting the moo
/content/mydrive/MyDrive/DeepSpeechv/DeepSpeech/data/Nemorous/Wav/LL35.WAV,90066,the bert is weighing the boat
/content/mydrive/MyDrive/DeepSpeechv/DeepSpeech/data/Nemorous/Wav/LL36.WAV,101622,the fine is weeping the dime
/content/mydrive/MyDrive/DeepSpeechv/DeepSpeech/data/Nemorous/Wav/LL37.WAV,99518,the five is suing the butt
/content/mydrive/MyDrive/DeepSpeechv/DeepSpeech/data/Nemorous/Wav/LL38.WAV,102670,the sue is stewing the fate
/content/mydrive/MyDrive/DeepSpeechv/DeepSpeech/data/Nemorous/Wav/LL39.WAV,106578,the dew is going the gin
/content/mydrive/MyDrive/DeepSpeechv/DeepSpeech/data/Nemorous/Wav/LL4.WAV,103942,the back is sitting the tin
/content/mydrive/MyDrive/DeepSpeechv/DeepSpeech/data/Nemorous/Wav/LL40.WAV,101786,the cob is knowing the con
/content/mydrive/MyDrive/DeepSpeechv/DeepSpeech/data/Nemorous/Wav/LL41.WAV,97246,the tin is sitting the back
/content/mydrive/MyDrive/DeepSpeechv/DeepSpeech/data/Nemorous/Wav/LL42.WAV,106806,the inn is surging the lot
/content/mydrive/MyDrive/DeepSpeechv/DeepSpeech/data/Nemorous/Wav/LL43.WAV,98162,the bin is licking the fife
/content/mydrive/MyDrive/DeepSpeechv/DeepSpeech/data/Nemorous/Wav/LL44.WAV,99846,the bathe is daring the chin
/content/mydrive/MyDrive/DeepSpeechv/DeepSpeech/data/Nemorous/Wav/LL45.WAV,149024,the dial is sweeping the rot
/content/mydrive/MyDrive/DeepSpeechv/DeepSpeech/data/Nemorous/Wav/LL46.WAV,91212,the knew is mowing the goo
/content/mydrive/MyDrive/DeepSpeechv/DeepSpeech/data/Nemorous/Wav/LL47.WAV,108340,the thin is listing the boot
/content/mydrive/MyDrive/DeepSpeechv/DeepSpeech/data/Nemorous/Wav/LL48.WAV,97992,the bit is wearing the bet
/content/mydrive/MyDrive/DeepSpeechv/DeepSpeech/data/Nemorous/Wav/LL49.WAV,103476,the fake is waking the watt
/content/mydrive/MyDrive/DeepSpeechv/DeepSpeech/data/Nemorous/Wav/LL5.WAV,99630,the lot is surging the inn
/content/mydrive/MyDrive/DeepSpeechv/DeepSpeech/data/Nemorous/Wav/LL50.WAV,104972,the kong is waiting the fin
/content/mydrive/MyDrive/DeepSpeechv/DeepSpeech/data/Nemorous/Wav/LL51.WAV,102916,the phase is singing the dive
/content/mydrive/MyDrive/DeepSpeechv/DeepSpeech/data/Nemorous/Wav/LL52.WAV,98034,the fight is owing the who
/content/mydrive/MyDrive/DeepSpeechv/DeepSpeech/data/Nemorous/Wav/LL53.WAV,103812,the yacht is tearing the cop
/content/mydrive/MyDrive/DeepSpeechv/DeepSpeech/data/Nemorous/Wav/LL54.WAV,101652,the pat is wading the jew
/content/mydrive/MyDrive/DeepSpeechv/DeepSpeech/data/Nemorous/Wav/LL55.WAV,113646,the bath is waning the bake
/content/mydrive/MyDrive/DeepSpeechv/DeepSpeech/data/Nemorous/Wav/LL56.WAV,119560,the beet is heaping the beige
/content/mydrive/MyDrive/DeepSpeechv/DeepSpeech/data/Nemorous/Wav/LL57.WAV,99746,the batch is living the chew
/content/mydrive/MyDrive/DeepSpeechv/DeepSpeech/data/Nemorous/Wav/LL58.WAV,104830,the vat is reaping the die
/content/mydrive/MyDrive/DeepSpeechv/DeepSpeech/data/Nemorous/Wav/LL59.WAV,112292,the shin is surfing the bad
/content/mydrive/MyDrive/DeepSpeechv/DeepSpeech/data/Nemorous/Wav/LL6.WAV,100980,the fife is licking the bin
/content/mydrive/MyDrive/DeepSpeechv/DeepSpeech/data/Nemorous/Wav/LL60.WAV,104796,the face is sipping the fay
/content/mydrive/MyDrive/DeepSpeechv/DeepSpeech/data/Nemorous/Wav/LL62.WAV,96022,the fat is bearing the two
/content/mydrive/MyDrive/DeepSpeechv/DeepSpeech/data/Nemorous/Wav/LL63.WAV,126476,the bass is searching the bash
/content/mydrive/MyDrive/DeepSpeechv/DeepSpeech/data/Nemorous/Wav/LL64.WAV,102598,the mat is sleeping the com
/content/mydrive/MyDrive/DeepSpeechv/DeepSpeech/data/Nemorous/Wav/LL65.WAV,108690,the coo is leaping the base
/content/mydrive/MyDrive/DeepSpeechv/DeepSpeech/data/Nemorous/Wav/LL66.WAV,100912,the shoe is sinning the bite
/content/mydrive/MyDrive/DeepSpeechv/DeepSpeech/data/Nemorous/Wav/LL67.WAV,101584,the sin is serving the faith
/content/mydrive/MyDrive/DeepSpeechv/DeepSpeech/data/Nemorous/Wav/LL68.WAV,101708,the fade is pairing the bag
/content/mydrive/MyDrive/DeepSpeechv/DeepSpeech/data/Nemorous/Wav/LL69.WAV,110606,the din is chewing the zoo
/content/mydrive/MyDrive/DeepSpeechv/DeepSpeech/data/Nemorous/Wav/LL7.WAV,105632,the chin is daring the bathe
/content/mydrive/MyDrive/DeepSpeechv/DeepSpeech/data/Nemorous/Wav/LL70.WAV,98134,the moo is lifting the pin
/content/mydrive/MyDrive/DeepSpeechv/DeepSpeech/data/Nemorous/Wav/LL72.WAV,98680,the boat is weighing the bert
/content/mydrive/MyDrive/DeepSpeechv/DeepSpeech/data/Nemorous/Wav/LL73.WAV,101176,the dime is weeping the fine
/content/mydrive/MyDrive/DeepSpeechv/DeepSpeech/data/Nemorous/Wav/LL74.WAV,94530,the butt is suing the five
/content/mydrive/MyDrive/DeepSpeechv/DeepSpeech/data/Nemorous/Wav/LL8.WAV,113790,the rot is sweeping the dial
/content/mydrive/MyDrive/DeepSpeechv/DeepSpeech/data/Nemorous/Wav/LL9.WAV,95242,the goo is mowing the knew
/content/mydrive/MyDrive/DeepSpeechv/DeepSpeech/data/Nemorous/Wav/MH1.WAV,87652,the cop is suing the badge
/content/mydrive/MyDrive/DeepSpeechv/DeepSpeech/data/Nemorous/Wav/MH10.WAV,92858,the faith is leaping the dial
/content/mydrive/MyDrive/DeepSpeechv/DeepSpeech/data/Nemorous/Wav/MH11.WAV,94410,the two is pairing the com
/content/mydrive/MyDrive/DeepSpeechv/DeepSpeech/data/Nemorous/Wav/MH12.WAV,81538,the knew is listing the fade
